plan_id,max_dev_pob_pct,pp_promedio,cut_edges,n_comunas_partidas,split_severity,pop_afectada_pct,score
0,6.407,,264,27.0,1.7059,0.8027,-1.5212414255914275
1,7.803,,263,,,,-1.6532014796890255
2,6.407,,263,,,,-1.4867930877491808
3,7.568,,271,,,,-1.6515043951613662
4,7.568,,263,28.0,1.8753,0.8669,-1.6780154156108
5,7.568,,263,,,,-1.6251886056876907
6,7.568,,265,,,,-1.6317675530561093
7,7.612,,266,,,,-1.6403019903831222
8,7.612,,270,29.0,1.9181,0.8637,-1.7117612409624616
9,7.612,0.2819,271,,,,-1.3302454358107119
10,8.365,,274,,,,-1.756378180380224
11,8.365,,269,,,,-1.739930811959177
12,8.365,,259,,,,-1.7070360751170823
13,7.612,,256,23.0,1.3287,0.7122,-1.5903184840356344
14,7.568,,256,,,,-1.6021622898982244
15,7.568,0.2425,237,,,,-1.5566631617230047
16,7.568,0.2644,237,,,,-1.365730293537244
17,7.568,,248,23.0,1.3349,0.7446,-1.559550772617759
18,7.528,0.2126,226,,,,-1.776390837076828
19,7.528,,226,,,,-1.4987099306057565
20,7.528,,227,,,,-1.501999404289966
21,8.378,,230,,,,-1.6131909866240186
22,8.378,,228,26.0,1.485,0.8105,-1.6095155951520999
23,8.378,,242,,,,-1.652664670834532
24,8.378,,233,,,,-1.623059407676647
25,8.378,0.2644,253,,,,-1.5149168849998347
26,7.55,,251,27.0,1.4644,0.786,-1.5838378654303082
27,7.528,,249,,,,-1.574367825342574
28,7.528,,253,,,,-1.5875257200794115
29,7.528,,249,,,,-1.574367825342574
30,7.528,0.2638,245,,,,-1.3925089717292767
31,8.33,,241,25.0,1.4455,0.7627,-1.6415045314475876
32,8.359,,244,,,,-1.656978747539013
33,8.359,,264,,,,-1.7227682212232018
34,8.359,,253,,,,-1.686584010696898
35,8.359,,234,27.0,1.3919,0.6621,-1.6150791501192265
36,8.359,,244,,,,-1.656978747539013
37,8.359,,244,,,,-1.656978747539013
38,8.048,,251,,,,-1.6429327066713935
39,8.048,,249,26.0,1.6247,0.787,-1.6571263354083325
40,6.955,,232,,,,-1.450143041635418
41,8.025,,254,,,,-1.6500594421834656
42,8.025,,257,,,,-1.6599278632360939
43,8.025,,256,,,,-1.6566383895518846
44,6.955,,236,22.0,1.5912,0.7188,-1.4797885291061266
45,6.955,0.237,241,,,,-1.5447003535596917
46,6.955,,249,,,,-1.5060640942669785
47,7.526,,254,,,,-1.5905767863253117
48,7.526,,242,25.0,1.2116,0.7062,-1.5190360773019083
49,7.982,,241,,,,-1.602170524365094
50,7.982,,241,,,,-1.602170524365094
51,8.251,,252,,,,-1.67042053534399
52,8.251,,239,,,,-1.627657377449267
53,8.251,,249,26.0,1.5974,0.6807,-1.6778327487238365
54,8.251,,250,,,,-1.663841587975571
55,8.251,,241,,,,-1.634236324817686
56,8.251,,242,,,,-1.6375257985018954
57,8.251,,240,27.0,1.6714,0.8328,-1.657692821968639
58,8.251,,227,,,,-1.5881836932387539
59,8.251,,228,,,,-1.5914731669229631
60,8.251,,230,,,,-1.5980521142913822
61,8.251,,241,,,,-1.634236324817686
62,8.251,,240,24.0,1.5857,0.7487,-1.6467309391347156
63,7.6,,241,,,,-1.5566347036480306
64,7.6,,263,,,,-1.6290031247006385
65,7.6,,265,,,,-1.6355820720690573
66,7.262,0.2654,261,26.0,1.0644,0.7749,-1.3485875584322333
67,7.262,0.2693,256,,,,-1.349033816018823
68,7.262,,257,,,,-1.5689754255211212
69,7.262,,285,,,,-1.6610806886789857
70,7.262,,247,25.0,1.0809,0.7224,-1.4872958332197679
71,7.262,,245,,,,-1.5295017413106078
72,7.262,,278,,,,-1.6380543728895196
73,7.262,0.2766,275,,,,-1.347889526623549
74,8.022,,281,,,,-1.7385176204996566
75,8.022,,282,25.0,1.4574,0.7447,-1.7411803354220665
76,8.022,,238,,,,-1.5970702520786504
77,8.022,,229,,,,-1.5674649889207655
78,8.022,,228,,,,-1.5641755152365562
79,8.022,0.3026,229,20.0,1.3135,0.7188,-1.0414572719441444
80,8.022,,225,,,,-1.5543070941839279
81,8.022,,228,,,,-1.5641755152365562
82,8.022,,239,,,,-1.6003597257628601
83,8.022,,231,,,,-1.5740439362891845
84,8.022,,236,23.0,1.3517,0.7528,-1.5763444640867548
85,8.022,,238,,,,-1.5970702520786504
86,8.022,,222,,,,-1.5444386731312996
87,8.022,,248,,,,-1.629964988920745
88,6.512,,248,25.0,1.2171,0.6579,-1.4186038529170157
89,6.512,,247,,,,-1.4466778993130642
90,6.512,,231,,,,-1.394046320365713
91,7.585,,229,,,,-1.515372963650198
92,7.585,,231,,,,-1.521951911018617
93,6.674,,245,20.0,1.4689,0.6677,-1.460254160126852
94,6.674,,251,,,,-1.4791467965529501
95,6.674,,290,,,,-1.6074362702371183
96,6.674,,273,,,,-1.5515152176055578
97,6.674,,220,25.0,1.4602,0.699,-1.3769045014445431
98,8.177,,245,,,,-1.6385731443370823
99,6.674,,221,,,,-1.3804625860266668
100,6.674,0.2435,216,,,,-1.37229769362281
101,8.033,,205,27.0,1.7556,0.7776,-1.5273448501524443
102,8.033,,203,,,,-1.4832499140420208
103,6.864,,214,,,,-1.3800849768765777
104,6.674,,230,,,,-1.4100678491845517
105,6.674,,237,,,,-1.4330941649740179
106,6.674,,217,26.0,1.4439,0.7666,-1.3649511481842957
107,6.674,,214,,,,-1.3574362702372005
108,7.205,,219,,,,-1.4371808135293493
109,7.205,,219,,,,-1.4371808135293493
110,7.696,,239,25.0,1.6296,0.7511,-1.5828986481856127
111,6.168,,242,,,,-1.389224451502829
112,6.168,,242,,,,-1.389224451502829
113,6.168,0.2454,240,,,,-1.3743630281172194
114,6.168,,253,,,,-1.4254086620291329
115,6.168,,252,25.0,1.4202,0.801,-1.4167341793915023
116,6.598,,264,,,,-1.5128504717919218
117,8.147,,268,,,,-1.710654927499261
118,8.147,,269,,,,-1.7139444011834706
119,7.229,,272,26.0,1.3956,0.6978,-1.6058522142946026
120,7.229,,262,,,,-1.5814890712100662
121,7.229,,256,,,,-1.5617522291048096
122,7.489,,286,,,,-1.6914294066112932
123,7.489,,286,,,,-1.6914294066112932
124,6.395,,290,23.0,1.693,0.7377,-1.6036872583781165
125,6.897,,284,,,,-1.6142818575033413
126,6.897,,282,,,,-1.6077029101349223
127,6.897,,287,,,,-1.6241502785559696
128,6.897,,283,29.0,1.6675,0.8124,-1.6372395058438824
129,6.897,,284,,,,-1.6142818575033413
130,6.897,,284,,,,-1.6142818575033413
131,8.212,,281,,,,-1.7611663271390339
132,8.111,,268,23.0,1.3393,0.749,-1.6906306695890108
133,6.999,,260,,,,-1.5474932684360854
134,7.364,,263,,,,-1.6008710469801488
135,8.144,,270,,,,-1.716876263710216
136,6.079,,267,,,,-1.4608521626033042
137,6.079,,267,29.0,1.7479,0.8198,-1.4973832447196238
138,6.079,,263,,,,-1.4476942678664664
139,6.079,0.2273,257,,,,-1.5774779138610175
140,6.105,0.2264,270,,,,-1.6311869246805726
141,6.105,,270,23.0,1.715,0.7884,-1.5061427250696178
142,8.057,,258,,,,-1.667031855933251
143,8.057,0.2104,259,,,,-1.9671827068651837
144,8.057,,261,,,,-1.6769002769858794
145,8.057,,264,,,,-1.6867686980385077
146,7.328,,280,26.0,1.5735,0.7809,-1.6667243523164526
147,7.328,0.2407,277,,,,-1.6753263289478986
148,7.328,,272,,,,-1.6261849762484677
149,7.328,,265,,,,-1.6031586604590016
150,7.621,,271,30.0,1.901,0.8481,-1.7139362879503335
151,7.621,,277,,,,-1.6775590343818176
152,7.621,0.2067,279,,,,-2.013257423485965
153,7.621,,279,,,,-1.6841379817502364
154,7.514,0.2097,295,,,,-2.0269790170610653
155,7.181,0.2098,281,25.0,1.5295,0.6855,-1.9489552561561403
156,7.181,,287,,,,-1.6580041347958807
157,7.181,,270,,,,-1.6020830821643202
158,7.181,,269,,,,-1.5987936084801107
159,7.131,,268,26.0,1.2974,0.7027,-1.568451597854343
160,7.472,,289,,,,-1.699271364438293
161,7.472,,289,,,,-1.699271364438293
162,7.472,,270,,,,-1.6367713644383137
163,5.024,,270,28.0,1.2529,0.6933,-1.3181763161272328
164,8.351,,275,,,,-1.7579988019962691
165,8.351,,259,,,,-1.7053672230489179
166,8.351,,270,,,,-1.7415514335752218
167,7.179,,277,,,,-1.624870990515477
168,7.179,,274,21.0,1.3819,0.7444,-1.6047186093712795
169,6.742,,275,,,,-1.5662000178764908
170,6.742,0.2547,269,,,,-1.4570996187436522
171,6.742,,276,,,,-1.5694894915607
172,6.742,,276,19.0,1.3813,0.7221,-1.5591287854982983
173,6.742,0.25,274,,,,-1.5145234474602733
174,6.742,,269,,,,-1.546463175771234
175,6.539,,266,,,,-1.5123963997302183
176,7.843,0.2567,239,,,,-1.472221911391464
177,7.843,0.3202,248,21.0,1.3643,0.732,-0.9356738655327276
178,8.066,0.3214,242,,,,-0.9445925530658594
179,8.066,,249,,,,-1.6384994262477577
180,8.066,,243,,,,-1.6187625841425008
181,6.539,,263,21.0,1.5857,0.7153,-1.518312066678829
182,6.539,,266,,,,-1.5123963997302183
183,6.539,,251,,,,-1.4630542944670766
184,6.539,,251,,,,-1.4630542944670766
185,5.87,,250,,,,-1.3800175326684285
186,5.87,,253,21.0,1.3668,0.7025,-1.3776705533635338
187,5.642,,253,,,,-1.3627075057538045
188,5.642,,250,,,,-1.3528390847011762
189,5.642,0.2128,266,,,,-1.6814078909580852
190,5.642,,257,27.0,1.9545,0.7478,-1.438822678563655
191,6.946,,250,,,,-1.508280734478796
192,6.946,0.2318,250,,,,-1.6185684414445436
193,6.946,,254,,,,-1.521438629215634
194,6.946,,284,21.0,1.2997,0.6944,-1.5993246816462814
195,7.505,,282,,,,-1.680178771380929
196,6.479,,291,,,,-1.5874810186861774
197,6.479,,303,,,,-1.6269547028966909
198,6.479,,304,,,,-1.6302441765809004
199,6.479,,290,27.0,1.6799,0.8351,-1.612024750423926
200,6.479,,266,,,,-1.5052441765809415
201,5.81,,265,,,,-1.4222074147822932
202,5.81,,270,,,,-1.4386547832033405
203,7.621,,265,24.0,1.4131,0.7174,-1.6317921805630307
204,7.621,,255,,,,-1.60519061332921
205,7.941,,250,,,,-1.6268884350376398
206,7.941,,257,,,,-1.6499147508271061
207,7.914,0.2345,256,,,,-1.7301548150110333
208,7.914,,259,27.0,1.7298,0.7905,-1.687491109774553
209,7.914,,254,,,,-1.636827829357303
210,8.374,,285,,,,-1.7936352243789195
211,7.914,0.2924,280,,,,-1.3043070661738168
212,7.914,,277,24.0,1.2702,0.6768,-1.687914222432548
213,7.723,,276,,,,-1.6864283400513789
214,7.723,,276,,,,-1.6864283400513789
215,8.389,0.233,278,,,,-1.8722225963734371
216,8.389,,281,,,,-1.782265385429401
217,7.837,,285,27.0,1.8277,0.8535,-1.7763611234299463
